"","season","2.5 %","97.5 %","tau","p.corrected"
"1","RS.Tau",0.0912073490813648,0.39939713639789,0.269558481797057,0.00549570563642732
"2","Jun",0,0.491408934707904,0.264044943820225,0.0818206121316736
"3","Jul",0.209302325581395,0.654135338345865,0.49438202247191,0.00196035694136287
"4","Aug",-0.023696682464455,0.583832335329341,0.325503355704698,0.0470208408887005
"5","Sep",-0.356890459363958,0.282442748091603,-0.0676156583629893,0.661210158271816
