"","season","2.5 %","97.5 %","TS.slope"
"1","RS.Slope",0.0304347826086956,0.12962962962963,0.0777777777777777
"2","Jun",0,0.275,0.108
"3","Jul",0.0706896551724138,0.225,0.142481203007519
"4","Aug",-0.00689655172413791,0.165714285714286,0.0625
"5","Sep",-0.0833333333333332,0.0603448275862069,-0.00909090909090922
